{
  "spay_choctaw_mississippi_usa": [
    33.1500096,
    -89.2262762,
    "Spay Road, Choctaw County, Mississippi, United States",
    0.8,
    "nominatim",
    1749432489.250279
  ],
  "mississippi_usa": [
    32.9715285,
    -89.7348497,
    "Mississippi, United States",
    0.8,
    "nominatim",
    1749432490.7166028
  ],
  "pheba_clay_mississippi_usa": [
    33.584287,
    -88.9497805,
    "Pheba, Clay County, Mississippi, United States",
    0.8,
    "nominatim",
    1749432491.952981
  ],
  "mississippi_united_states": [
    32.9715285,
    -89.7348497,
    "Mississippi, United States",
    0.8,
    "nominatim",
    1749432492.772393
  ],
  "chicago_cook_illinois_united_states_of_america": [
    41.8755616,
    -87.6244212,
    "Chicago, Cook County, Illinois, United States",
    0.8,
    "nominatim",
    1749432500.360765
  ],
  "ruleville_sunflower_mississippi_usa": [
    33.7259478,
    -90.5514806,
    "Ruleville, Sunflower County, Mississippi, 38771, United States",
    0.8,
    "nominatim",
    1749432503.916736
  ],
  "st_louis_missouri_usa": [
    38.6280278,
    -90.1910154,
    "Saint Louis, Missouri, United States",
    0.8,
    "nominatim",
    1749432505.057985
  ],
  "itta_bena_mississippi_usa": [
    33.4951269,
    -90.3229458,
    "Itta Bena, Leflore County, Mississippi, 38941, United States",
    0.8,
    "nominatim",
    1749432507.0405812
  ],
  "greenville_washington_mississippi_usa": [
    33.4111051,
    -91.0635857,
    "Greenville, Washington County, Mississippi, United States",
    0.8,
    "nominatim",
    1749432508.012911
  ],
  "hillside_cook_county_illinois_united_states_of_america": [
    41.8778084,
    -87.9028398,
    "Hillside, Proviso Township, Cook County, Illinois, 60162, United States",
    0.8,
    "nominatim",
    1749432510.0760179
  ],
  "chicago_cook_illinois_usa": [
    41.8755616,
    -87.6244212,
    "Chicago, Cook County, Illinois, United States",
    0.8,
    "nominatim",
    1749432511.11248
  ],
  "south_carolina_usa": [
    33.6874388,
    -80.4363743,
    "South Carolina, United States",
    0.8,
    "nominatim",
    1749432512.359162
  ],
  "franklin_monroe_county_alabama_united_states_of_america": [
    31.7145996,
    -87.4113791,
    "Franklin, Monroe County, Alabama, United States",
    0.8,
    "nominatim",
    1749432513.2524328
  ],
  "winston_mississippi": [
    33.0603103,
    -89.0495278,
    "Winston County, Mississippi, United States",
    0.8,
    "nominatim",
    1749432513.9523
  ],
  "ackerman_mississippi": [
    33.3101243,
    -89.1728434,
    "Ackerman, Choctaw County, Mississippi, United States",
    0.8,
    "nominatim",
    1749432530.982162
  ],
  "ackerman_mississippi_united_states": [
    33.3101243,
    -89.1728434,
    "Ackerman, Choctaw County, Mississippi, United States",
    0.8,
    "nominatim",
    1749432531.966272
  ],
  "sunflower_mississippi": [
    33.4980504,
    -90.602067,
    "Sunflower County, Mississippi, United States",
    0.8,
    "nominatim",
    1749432533.236074
  ],
  "louisiana_united_states": [
    30.8703881,
    -92.007126,
    "Louisiana, United States",
    0.8,
    "nominatim",
    1749432536.438232
  ],
  "choctaw_mississippi": [
    33.3569348,
    -89.2390212,
    "Choctaw County, Mississippi, United States",
    0.8,
    "nominatim",
    1749432539.066475
  ],
  "ackerman_choctaw_mississippi_usa": [
    33.3101243,
    -89.1728434,
    "Ackerman, Choctaw County, Mississippi, United States",
    0.8,
    "nominatim",
    1749432540.126556
  ],
  "greenville_west_mississippi": [
    33.4092227,
    -91.0665882,
    "Key West Inn Greenville, South Walnut Street, Greenville, Washington County, Mississippi, 38704, United States",
    0.8,
    "nominatim",
    1749432541.095357
  ],
  "tunica_county_mississippi_usa": [
    34.6398783,
    -90.3623833,
    "Tunica County, Mississippi, United States",
    0.8,
    "nominatim",
    1749432543.145356
  ],
  "shaw_bolivar_mississippi": [
    33.6023471,
    -90.7712419,
    "Shaw, Bolivar County, Mississippi, United States",
    0.8,
    "nominatim",
    1749432544.3468301
  ],
  "milwaukee_milwaukee_wisconsin_united_states_of_america": [
    43.0775181,
    -87.8812647,
    "Milwaukee, 2200, East Kenwood Boulevard, Downer Woods, East Side, Milwaukee, Milwaukee County, Wisconsin, 53211, United States",
    0.8,
    "nominatim",
    1749432545.560883
  ],
  "dodge_wisconsin": [
    43.413614,
    -88.7177834,
    "Dodge County, Wisconsin, United States",
    0.8,
    "nominatim",
    1749432546.646166
  ],
  "sunflower_mississippi_usa": [
    33.4980504,
    -90.602067,
    "Sunflower County, Mississippi, United States",
    0.8,
    "nominatim",
    1749432547.582635
  ],
  "milwaukee_milwaukee_wisconsin_usa": [
    43.0775181,
    -87.8812647,
    "Milwaukee, 2200, East Kenwood Boulevard, Downer Woods, East Side, Milwaukee, Milwaukee County, Wisconsin, 53211, United States",
    0.8,
    "nominatim",
    1749432548.679113
  ],
  "sunflower_county_mississippi_usa": [
    33.4980504,
    -90.602067,
    "Sunflower County, Mississippi, United States",
    0.8,
    "nominatim",
    1749432549.584099
  ],
  "moorhead_sunflower_mississippi_usa": [
    33.4503557,
    -90.5054445,
    "Moorhead, Sunflower County, Mississippi, 38761, United States",
    0.8,
    "nominatim",
    1749432550.48446
  ],
  "collinston_louisiana": [
    32.6909704,
    -91.8717943,
    "Collinston, Morehouse Parish, Louisiana, United States",
    0.8,
    "nominatim",
    1749432553.5433338
  ],
  "chicago_cook_illinois": [
    41.8755616,
    -87.6244212,
    "Chicago, Cook County, Illinois, United States",
    0.8,
    "nominatim",
    1749432554.640068
  ],
  "collinston_morehouse_louisiana_usa": [
    32.6909704,
    -91.8717943,
    "Collinston, Morehouse Parish, Louisiana, United States",
    0.8,
    "nominatim",
    1749432555.840369
  ],
  "leland_washington_county_mississippi_usa": [
    33.4053949,
    -90.8976007,
    "Leland, Washington County, Mississippi, 38756, United States",
    0.8,
    "nominatim",
    1749432556.531303
  ],
  "crete_will_illinois_usa": [
    41.4445334,
    -87.6313829,
    "Crete, Will County, Illinois, United States",
    0.8,
    "nominatim",
    1749432557.624002
  ],
  "leland_washington_mississippi_usa": [
    33.4053949,
    -90.8976007,
    "Leland, Washington County, Mississippi, 38756, United States",
    0.8,
    "nominatim",
    1749432558.87077
  ],
  "chicago_cook_illinois_united_states": [
    41.8755616,
    -87.6244212,
    "Chicago, Cook County, Illinois, United States",
    0.8,
    "nominatim",
    1749432559.8519151
  ],
  "louisiana_usa": [
    30.8703881,
    -92.007126,
    "Louisiana, United States",
    0.8,
    "nominatim",
    1749432561.204059
  ],
  "collinston_louisiana_usa": [
    32.6909704,
    -91.8717943,
    "Collinston, Morehouse Parish, Louisiana, United States",
    0.8,
    "nominatim",
    1749432562.30211
  ],
  "collinston_morehouse_louisiana": [
    32.6909704,
    -91.8717943,
    "Collinston, Morehouse Parish, Louisiana, United States",
    0.8,
    "nominatim",
    1749432565.000387
  ],
  "collinston_morehouse_louisiana_united_states": [
    32.6909704,
    -91.8717943,
    "Collinston, Morehouse Parish, Louisiana, United States",
    0.8,
    "nominatim",
    1749432565.8611252
  ],
  "compton_los_angeles_california_usa": [
    33.894927,
    -118.226624,
    "Compton, Los Angeles County, California, United States",
    0.8,
    "nominatim",
    1749432566.88304
  ],
  "louisana_usa": [
    29.9230819,
    -94.0181218,
    "Louisana Avenue, Port Arthur, Jefferson County, Texas, 77640, United States",
    0.8,
    "nominatim",
    1749432568.008123
  ],
  "moorehead_miss": [
    33.7584491,
    -89.9567532,
    "Moorehead Lake Dam, Grenada County, Mississippi, 38940, United States",
    0.8,
    "nominatim",
    1749432568.936401
  ],